platform,text,timestamp
twitter,RT @keewa: My Tesla swerved off the road rather than gently applying the brake and thus saved my life,2026-01-05 19:26:28.475969
twitter,"Congratulations. Youâ€™ve been selected to join our pilot program testing Tesla Optimus for real-world, everyday tasks. If youâ€™d like to participate, send a DM or follow to get onboard ğŸš€ğŸŠ https://t.co/paTk5Yyh5s",2026-01-05 19:26:28.475969
twitter,"RT @InvestingVisual: Widest moats in tech:

â€¢ Elite: $ASML, $MSFT, $AMZN, $TSM
â€¢ Extremely wide: $AAPL, $GOOGL, $META, $NVDA
â€¢ Very wide: $â€¦",2026-01-05 19:26:28.475969
twitter,"ğŸŒğŸˆğŸ’•
ğŸ’¥ $TSLAâ€™s stock continues to rise. Can Tesla continue its rapid growth as it expands in energy and EVs? #Tesla #EV #Energy",2026-01-05 19:26:28.475969
twitter,"ğŸš¨ Tesla Giveaway Alert! ğŸš¨
Congratulations! ğŸ‰ Youâ€™ve been chosen as one of our lucky winners of $20,000 in celebration of Teslaâ€™s success!
ğŸ‘‰ Follow and DM us now so I can forward you the channel  to claim your prize!

Signed,
Elon R. Musk ğŸ’¼ https://t.co/God46RzAI0",2026-01-05 19:26:28.475969
twitter,"ğŸš¨ Tesla Giveaway Alert! ğŸš¨
Congratulations! ğŸ‰ Youâ€™ve been chosen as one of our lucky winners of $20,000 in celebration of Teslaâ€™s success!
ğŸ‘‰ Follow and DM us now so I can forward you the channel  to claim your prize!

Signed,
Elon R. Musk ğŸ’¼ https://t.co/tBjLKqn35W",2026-01-05 19:26:28.475969
twitter,"RT @RolandTichy: Die Vulkan-Gruppe ist nicht nur fÃ¼r den Black-Out in Berlin verantwortlich:
-Autos abgefackelt,
-BrandanschlÃ¤ge auf Bau- uâ€¦",2026-01-05 19:26:28.475969
twitter,@SaveAmericaNew @ecar_tesla https://t.co/u7gbgYIMWf,2026-01-05 19:26:28.475969
twitter,"RT @NYKChannel: Tesla's ENERGY STORAGE UP a WHOPPING 48.7%! ğŸ¤¯ Giga-Growth continues despite vehicle delivery dip.  Powering the FUTURE, oneâ€¦",2026-01-05 19:26:28.475969
twitter,"RT @Teslaconomics: With Grok Imagine, you can make any photo come to life and have it say whatever you want. 

â€œI would like to buy $1B worâ€¦",2026-01-05 19:26:28.475969
